SKU,SKU Description,Premium,Standard,ELS,3Scale,AMQ,Data Grid,Fuse,Jboss,JbossEAP,JbossWebServer,Service Interconnect,OpenJDK,Quarkus,Integration,Runtimes,Application Foundations,Edge,Distributed Computing,Openshift,,Currency,1-Year MSRP,3-Year MSRP,Product Line,# of Sockets,# of Cores,# of Nodes,Support Type,Virtual Guests,System Unit of Measure,Channel F3 SKU
MW00311,"Red Hat 3scale API Management, Premium (4 Cores)",TRUE,FALSE,FALSE,TRUE,FALSE,FALSE,FALSE,FALSE,FALSE,FALSE,FALSE,FALSE,FALSE,FALSE,FALSE,FALSE,FALSE,FALSE,FALSE,,GBP,8197,22132.44,INTEGRATION BNDL/FUSE/AMQ/3SCALE,0,4,,PREMIUM,0,CORE BAND,MW00311F3
MW00312,"Red Hat 3scale API Management, Premium (16 Cores)",TRUE,FALSE,FALSE,TRUE,FALSE,FALSE,FALSE,FALSE,FALSE,FALSE,FALSE,FALSE,FALSE,FALSE,FALSE,FALSE,FALSE,FALSE,FALSE,,GBP,29808,80481.6,INTEGRATION BNDL/FUSE/AMQ/3SCALE,0,16,,PREMIUM,0,CORE BAND,MW00312F3
MW00313,"Red Hat 3scale API Management, Premium (64 Cores)",TRUE,FALSE,FALSE,TRUE,FALSE,FALSE,FALSE,FALSE,FALSE,FALSE,FALSE,FALSE,FALSE,FALSE,FALSE,FALSE,FALSE,FALSE,FALSE,,GBP,107309,289733.76,INTEGRATION BNDL/FUSE/AMQ/3SCALE,0,64,,PREMIUM,0,CORE BAND,MW00313F3
MW00314,"Red Hat 3scale API Management, Standard (4 Cores)",FALSE,TRUE,FALSE,TRUE,FALSE,FALSE,FALSE,FALSE,FALSE,FALSE,FALSE,FALSE,FALSE,FALSE,FALSE,FALSE,FALSE,FALSE,FALSE,,GBP,5465,14754.96,INTEGRATION BNDL/FUSE/AMQ/3SCALE,0,4,,STANDARD,0,CORE BAND,MW00314F3
MW00315,"Red Hat 3scale API Management, Standard (16 Cores)",FALSE,TRUE,FALSE,TRUE,FALSE,FALSE,FALSE,FALSE,FALSE,FALSE,FALSE,FALSE,FALSE,FALSE,FALSE,FALSE,FALSE,FALSE,FALSE,,GBP,19872,53654.4,INTEGRATION BNDL/FUSE/AMQ/3SCALE,0,16,,STANDARD,0,CORE BAND,MW00315F3
MW00316,"Red Hat 3scale API Management, Standard (64 Cores)",FALSE,TRUE,FALSE,TRUE,FALSE,FALSE,FALSE,FALSE,FALSE,FALSE,FALSE,FALSE,FALSE,FALSE,FALSE,FALSE,FALSE,FALSE,FALSE,,GBP,71539,193155.84,INTEGRATION BNDL/FUSE/AMQ/3SCALE,0,64,,STANDARD,0,CORE BAND,MW00316F3
MW00134,"Red Hat AMQ, Premium (4 Cores)",TRUE,FALSE,FALSE,FALSE,TRUE,FALSE,FALSE,FALSE,FALSE,FALSE,FALSE,FALSE,FALSE,FALSE,FALSE,FALSE,FALSE,FALSE,FALSE,,GBP,7452,20120.4,INTEGRATION BNDL/FUSE/AMQ/3SCALE,,,,PREMIUM,,CORE BAND,MW00134F3
MW00135,"Red Hat AMQ, Standard (4 Cores)",FALSE,TRUE,FALSE,FALSE,TRUE,FALSE,FALSE,FALSE,FALSE,FALSE,FALSE,FALSE,FALSE,FALSE,FALSE,FALSE,FALSE,FALSE,FALSE,,GBP,4968,13413.6,INTEGRATION BNDL/FUSE/AMQ/3SCALE,,,,STANDARD,,CORE BAND,MW00135F3
MW00136,"Red Hat AMQ, Extended Lifecycle Support Add-On, Premium (4 Cores)",TRUE,FALSE,TRUE,FALSE,TRUE,FALSE,FALSE,FALSE,FALSE,FALSE,FALSE,FALSE,FALSE,FALSE,FALSE,FALSE,FALSE,FALSE,FALSE,,GBP,7452,20120.4,INTEGRATION BNDL/FUSE/AMQ/3SCALE,,,,,,CORE BAND,MW00136F3
MW00137,"Red Hat AMQ, Extended Life Cycle Support Add-On, Standard (4 Cores)",FALSE,TRUE,TRUE,FALSE,TRUE,FALSE,FALSE,FALSE,FALSE,FALSE,FALSE,FALSE,FALSE,FALSE,FALSE,FALSE,FALSE,FALSE,FALSE,,GBP,4968,13413.6,INTEGRATION BNDL/FUSE/AMQ/3SCALE,,,,,,CORE BAND,MW00137F3
MW2300217,"Red Hat AMQ, Standard (64 Cores)",FALSE,TRUE,FALSE,FALSE,TRUE,FALSE,FALSE,FALSE,FALSE,FALSE,FALSE,FALSE,FALSE,FALSE,FALSE,FALSE,FALSE,FALSE,FALSE,,GBP,71539,193155.84,INTEGRATION BNDL/FUSE/AMQ/3SCALE,,64,,STANDARD,,CORE BAND,MW2300217F3
MW2300282,"Red Hat AMQ, Premium (16 Cores)",TRUE,FALSE,FALSE,FALSE,TRUE,FALSE,FALSE,FALSE,FALSE,FALSE,FALSE,FALSE,FALSE,FALSE,FALSE,FALSE,FALSE,FALSE,FALSE,,GBP,29808,80481.6,INTEGRATION BNDL/FUSE/AMQ/3SCALE,,16,,PREMIUM,,CORE BAND,MW2300282F3
MW2315603,"Red Hat AMQ, Standard (16 Cores)",FALSE,TRUE,FALSE,FALSE,TRUE,FALSE,FALSE,FALSE,FALSE,FALSE,FALSE,FALSE,FALSE,FALSE,FALSE,FALSE,FALSE,FALSE,FALSE,,GBP,19872,53654.4,INTEGRATION BNDL/FUSE/AMQ/3SCALE,,16,,STANDARD,,CORE BAND,MW2315603F3
MW2399076,"Red Hat AMQ, Premium (64 Cores)",TRUE,FALSE,FALSE,FALSE,TRUE,FALSE,FALSE,FALSE,FALSE,FALSE,FALSE,FALSE,FALSE,FALSE,FALSE,FALSE,FALSE,FALSE,FALSE,,GBP,107309,289733.76,INTEGRATION BNDL/FUSE/AMQ/3SCALE,,64,,PREMIUM,,CORE BAND,MW2399076F3
MW00036,"Red Hat AMQ ELS Program, Premium (16 Cores)",TRUE,FALSE,TRUE,FALSE,TRUE,FALSE,FALSE,FALSE,FALSE,FALSE,FALSE,FALSE,FALSE,FALSE,FALSE,FALSE,FALSE,FALSE,FALSE,,GBP,29808,80481.6,INTEGRATION BNDL/FUSE/AMQ/3SCALE,0,16,,PREMIUM,0,CORE BAND,MW00036F3
MW00038,"Red Hat AMQ ELS Program, Standard (16 Cores)",FALSE,TRUE,TRUE,FALSE,TRUE,FALSE,FALSE,FALSE,FALSE,FALSE,FALSE,FALSE,FALSE,FALSE,FALSE,FALSE,FALSE,FALSE,FALSE,,GBP,19872,53654.4,INTEGRATION BNDL/FUSE/AMQ/3SCALE,0,16,,STANDARD,0,CORE BAND,MW00038F3
MW00040,"Red Hat AMQ ELS Program, Premium (64 Cores)",TRUE,FALSE,TRUE,FALSE,TRUE,FALSE,FALSE,FALSE,FALSE,FALSE,FALSE,FALSE,FALSE,FALSE,FALSE,FALSE,FALSE,FALSE,FALSE,,GBP,107309,289733.76,INTEGRATION BNDL/FUSE/AMQ/3SCALE,0,64,,PREMIUM,0,CORE BAND,MW00040F3
MW00042,"Red Hat AMQ ELS Program, Standard (64 Cores)",FALSE,TRUE,TRUE,FALSE,TRUE,FALSE,FALSE,FALSE,FALSE,FALSE,FALSE,FALSE,FALSE,FALSE,FALSE,FALSE,FALSE,FALSE,FALSE,,GBP,71539,193155.84,INTEGRATION BNDL/FUSE/AMQ/3SCALE,0,64,,STANDARD,0,CORE BAND,MW00042F3
MW01552,"Red Hat AMQ for Distributed Computing (Edge Server), Premium (2 Cores)",TRUE,FALSE,FALSE,FALSE,TRUE,FALSE,FALSE,FALSE,FALSE,FALSE,FALSE,FALSE,FALSE,FALSE,FALSE,FALSE,TRUE,TRUE,FALSE,,GBP,1863,5030.1,Edge App Services,,2,,PREMIUM,0,CORE BAND,MW01552F3
MW01553,"Red Hat AMQ for Distributed Computing (Edge Server), Standard (2 Cores)",FALSE,TRUE,FALSE,FALSE,TRUE,FALSE,FALSE,FALSE,FALSE,FALSE,FALSE,FALSE,FALSE,FALSE,FALSE,FALSE,TRUE,TRUE,FALSE,,GBP,1242,3353.4,Edge App Services,,2,,STANDARD,0,CORE BAND,MW01553F3
MW01556,"Red Hat AMQ for Distributed Computing (Endpoint), Premium (1 Core)",TRUE,FALSE,FALSE,FALSE,TRUE,FALSE,FALSE,FALSE,FALSE,FALSE,FALSE,FALSE,FALSE,FALSE,FALSE,FALSE,TRUE,TRUE,FALSE,,GBP,652,1760.54,Edge App Services,,1,,PREMIUM,0,CORE BAND,MW01556F3
MW01557,"Red Hat AMQ for Distributed Computing (Endpoint), Standard (1 Core)",FALSE,TRUE,FALSE,FALSE,TRUE,FALSE,FALSE,FALSE,FALSE,FALSE,FALSE,FALSE,FALSE,FALSE,FALSE,FALSE,TRUE,TRUE,FALSE,,GBP,435,1173.69,Edge App Services,,1,,STANDARD,0,CORE BAND,MW01557F3
MW01554,"Red Hat AMQ for Distributed Computing (Gateway), Premium (2 Cores)",TRUE,FALSE,FALSE,FALSE,TRUE,FALSE,FALSE,FALSE,FALSE,FALSE,FALSE,FALSE,FALSE,FALSE,FALSE,FALSE,TRUE,TRUE,FALSE,,GBP,1490,4024.08,Edge App Services,,2,,PREMIUM,0,CORE BAND,MW01554F3
MW01555,"Red Hat AMQ for Distributed Computing (Gateway), Standard (2 Cores)",FALSE,TRUE,FALSE,FALSE,TRUE,FALSE,FALSE,FALSE,FALSE,FALSE,FALSE,FALSE,FALSE,FALSE,FALSE,FALSE,TRUE,TRUE,FALSE,,GBP,994,2682.72,Edge App Services,,2,,STANDARD,0,CORE BAND,MW01555F3
MW00005,"Red Hat AMQ for OpenShift Container Platform, Standard (2 Cores)",FALSE,TRUE,FALSE,FALSE,TRUE,FALSE,FALSE,FALSE,FALSE,FALSE,FALSE,FALSE,FALSE,FALSE,FALSE,FALSE,FALSE,FALSE,TRUE,,GBP,2484,6706.8,INTEGRATION BNDL/FUSE/AMQ/3SCALE,0,2,,STANDARD,0,PHYSICAL NODE,MW00005F3
MW00006,"Red Hat AMQ for OpenShift Container Platform, Premium (2 Cores)",TRUE,FALSE,FALSE,FALSE,TRUE,FALSE,FALSE,FALSE,FALSE,FALSE,FALSE,FALSE,FALSE,FALSE,FALSE,FALSE,FALSE,FALSE,TRUE,,GBP,3726,10060.2,INTEGRATION BNDL/FUSE/AMQ/3SCALE,0,2,,PREMIUM,0,CORE BAND,MW00006F3
MW02000,"Red Hat Application Foundations, Premium, (2 Cores or 4 vCPUs)",TRUE,FALSE,FALSE,TRUE,TRUE,TRUE,TRUE,TRUE,TRUE,TRUE,FALSE,TRUE,TRUE,FALSE,FALSE,TRUE,FALSE,FALSE,FALSE,,GBP,3726,10060.2,INTEGRATION BNDL/FUSE/AMQ/3SCALE,0,2,,PREMIUM,0,CORE BAND,MW02000F3
MW02006,"Red Hat Application Foundations, Standard (2 Cores or 4 vCPUs)",FALSE,TRUE,FALSE,TRUE,TRUE,TRUE,TRUE,TRUE,TRUE,TRUE,FALSE,TRUE,TRUE,FALSE,FALSE,TRUE,FALSE,FALSE,FALSE,,GBP,2484,6706.8,INTEGRATION BNDL/FUSE/AMQ/3SCALE,0,2,,STANDARD,0,CORE BAND,MW02006F3
MW02091,"Red Hat Application Foundations, Extended Lifecycle Support Add-On for Distributed Computing (Edge Server), Premium (2 Cores)",TRUE,FALSE,TRUE,TRUE,TRUE,TRUE,TRUE,TRUE,TRUE,TRUE,FALSE,TRUE,TRUE,FALSE,FALSE,TRUE,TRUE,TRUE,FALSE,,GBP,1863,5030.1,Edge App Services,,2,,PREMIUM,0,CORE BAND,MW02091F3
MW02092,"Red Hat Application Foundations, Extended Lifecycle Support Add-On for Distributed Computing (Edge Server), Standard (2 Cores)",FALSE,TRUE,TRUE,TRUE,TRUE,TRUE,TRUE,TRUE,TRUE,TRUE,FALSE,TRUE,TRUE,FALSE,FALSE,TRUE,TRUE,TRUE,FALSE,,GBP,1242,3353.4,Edge App Services,,2,,STANDARD,0,CORE BAND,MW02092F3
MW02093,"Red Hat Application Foundations, Extended Lifecycle Support Add-On for Distributed Computing (Endpoint), Premium (1 Core)",TRUE,FALSE,TRUE,TRUE,TRUE,TRUE,TRUE,TRUE,TRUE,TRUE,FALSE,TRUE,TRUE,FALSE,FALSE,TRUE,TRUE,TRUE,FALSE,,GBP,653,1762.4,Edge App Services,,1,,PREMIUM,0,CORE BAND,MW02093F3
MW02094,"Red Hat Application Foundations, Extended Lifecycle Support Add-On for Distributed Computing (Endpoint), Standard (1 Core)",FALSE,TRUE,TRUE,TRUE,TRUE,TRUE,TRUE,TRUE,TRUE,TRUE,FALSE,TRUE,TRUE,FALSE,FALSE,TRUE,TRUE,TRUE,FALSE,,GBP,435,1173.69,Edge App Services,,1,,STANDARD,0,CORE BAND,MW02094F3
MW02095,"Red Hat Application Foundations, Extended Lifecycle Support Add-On for Distributed Computing (Gateway), Premium (2 Cores)",TRUE,FALSE,TRUE,TRUE,TRUE,TRUE,TRUE,TRUE,TRUE,TRUE,FALSE,TRUE,TRUE,FALSE,FALSE,TRUE,TRUE,TRUE,FALSE,,GBP,1490,4024.08,Edge App Services,,2,,PREMIUM,0,CORE BAND,MW02095F3
MW02096,"Red Hat Application Foundations, Extended Lifecycle Support Add-On for Distributed Computing (Gateway), Standard (2 Cores)",FALSE,TRUE,TRUE,TRUE,TRUE,TRUE,TRUE,TRUE,TRUE,TRUE,FALSE,TRUE,TRUE,FALSE,FALSE,TRUE,TRUE,TRUE,FALSE,,GBP,994,2682.72,Edge App Services,,2,,STANDARD,0,CORE BAND,MW02096F3
MW02097,"Red Hat Application Foundations, Cluster Edition (Bare Metal Node), Extended Lifecycle Support Add-On, Premium, (1-2 Sockets)",TRUE,FALSE,TRUE,TRUE,TRUE,TRUE,TRUE,TRUE,TRUE,TRUE,FALSE,TRUE,TRUE,FALSE,FALSE,TRUE,FALSE,FALSE,FALSE,,GBP,2795,7545.15,INTEGRATION BNDL/FUSE/AMQ/3SCALE,2,,,PREMIUM,0,SOCKET-PAIR,MW02097F3
MW02098,"Red Hat Application Foundations, Cluster Edition (Bare Metal Node), Extended Lifecycle Support Add-On, Standard (1-2 Sockets)",FALSE,TRUE,TRUE,TRUE,TRUE,TRUE,TRUE,TRUE,TRUE,TRUE,FALSE,TRUE,TRUE,FALSE,FALSE,TRUE,FALSE,FALSE,FALSE,,GBP,1863,5030.1,INTEGRATION BNDL/FUSE/AMQ/3SCALE,2,,,STANDARD,0,SOCKET-PAIR,MW02098F3
MW02099,"Red Hat Application Foundations, Cluster Edition (Bare Metal Node), Premium, (1-2 Sockets)",TRUE,FALSE,FALSE,TRUE,TRUE,TRUE,TRUE,TRUE,TRUE,TRUE,FALSE,TRUE,TRUE,FALSE,FALSE,TRUE,FALSE,FALSE,FALSE,,GBP,5589,15090.3,INTEGRATION BNDL/FUSE/AMQ/3SCALE,2,,,PREMIUM,0,SOCKET-PAIR,MW02099F3
MW02100,"Red Hat Application Foundations, Cluster Edition (Bare Metal Node), Standard (1-2 Sockets)",FALSE,TRUE,FALSE,TRUE,TRUE,TRUE,TRUE,TRUE,TRUE,TRUE,FALSE,TRUE,TRUE,FALSE,FALSE,TRUE,FALSE,FALSE,FALSE,,GBP,3726,10060.2,INTEGRATION BNDL/FUSE/AMQ/3SCALE,2,,,STANDARD,0,SOCKET-PAIR,MW02100F3
MW02101,"Red Hat Application Foundations, Cluster Edition, Extended Lifecycle Support Add-On, Premium, (2 Cores or 4 vCPUs)",TRUE,FALSE,TRUE,TRUE,TRUE,TRUE,TRUE,TRUE,TRUE,TRUE,FALSE,TRUE,TRUE,FALSE,FALSE,TRUE,FALSE,FALSE,FALSE,,GBP,931,2515.05,INTEGRATION BNDL/FUSE/AMQ/3SCALE,,2,,PREMIUM,0,CORE BAND,MW02101F3
MW02102,"Red Hat Application Foundations, Cluster Edition, Extended Lifecycle Support Add-On, Standard (2 Cores or 4 vCPUs)",FALSE,TRUE,TRUE,TRUE,TRUE,TRUE,TRUE,TRUE,TRUE,TRUE,FALSE,TRUE,TRUE,FALSE,FALSE,TRUE,FALSE,FALSE,FALSE,,GBP,621,1676.7,INTEGRATION BNDL/FUSE/AMQ/3SCALE,,2,,STANDARD,0,CORE BAND,MW02102F3
MW02103,"Red Hat Application Foundations, Cluster Edition, Premium, (2 Cores or 4 vCPUs)",TRUE,FALSE,FALSE,TRUE,TRUE,TRUE,TRUE,TRUE,TRUE,TRUE,FALSE,TRUE,TRUE,FALSE,FALSE,TRUE,FALSE,FALSE,FALSE,,GBP,1863,5030.1,INTEGRATION BNDL/FUSE/AMQ/3SCALE,,2,,PREMIUM,0,CORE BAND,MW02103F3
MW02104,"Red Hat Application Foundations, Cluster Edition, Standard (2 Cores or 4 vCPUs)",FALSE,TRUE,FALSE,TRUE,TRUE,TRUE,TRUE,TRUE,TRUE,TRUE,FALSE,TRUE,TRUE,FALSE,FALSE,TRUE,FALSE,FALSE,FALSE,,GBP,1242,3353.4,INTEGRATION BNDL/FUSE/AMQ/3SCALE,,2,,STANDARD,0,CORE BAND,MW02104F3
MW02105,"Red Hat Application Foundations, Extended Lifecycle Support Add-On, Standard (2 Cores or 4 vCPUs)",FALSE,TRUE,TRUE,TRUE,TRUE,TRUE,TRUE,TRUE,TRUE,TRUE,FALSE,TRUE,TRUE,FALSE,FALSE,TRUE,FALSE,FALSE,FALSE,,GBP,2484,6706.8,INTEGRATION BNDL/FUSE/AMQ/3SCALE,,2,,STANDARD,0,CORE BAND,MW02105F3
MW02001,"Red Hat Application Foundations for Distributed Computing (Edge Server), Premium (2 Cores)",TRUE,FALSE,FALSE,TRUE,TRUE,TRUE,TRUE,TRUE,TRUE,TRUE,FALSE,TRUE,TRUE,FALSE,FALSE,TRUE,TRUE,TRUE,FALSE,,GBP,1863,5030.1,Edge App Services,,2,,PREMIUM,0,CORE BAND,MW02001F3
MW02003,"Red Hat Application Foundations for Distributed Computing (Edge Server), Standard (2 Cores)",FALSE,TRUE,FALSE,TRUE,TRUE,TRUE,TRUE,TRUE,TRUE,TRUE,FALSE,TRUE,TRUE,FALSE,FALSE,TRUE,TRUE,TRUE,FALSE,,GBP,1242,3353.4,Edge App Services,,2,,STANDARD,0,CORE BAND,MW02003F3
MW01994,"Red Hat Application Foundations for Distributed Computing (Endpoint), Premium (1 Core)",TRUE,FALSE,FALSE,TRUE,TRUE,TRUE,TRUE,TRUE,TRUE,TRUE,FALSE,TRUE,TRUE,FALSE,FALSE,TRUE,TRUE,TRUE,FALSE,,GBP,652,1760.54,Edge App Services,,1,,PREMIUM,0,CORE BAND,MW01994F3
MW01995,"Red Hat Application Foundations for Distributed Computing (Endpoint), Standard (1 Core)",FALSE,TRUE,FALSE,TRUE,TRUE,TRUE,TRUE,TRUE,TRUE,TRUE,FALSE,TRUE,TRUE,FALSE,FALSE,TRUE,TRUE,TRUE,FALSE,,GBP,435,1173.69,Edge App Services,,1,,STANDARD,0,CORE BAND,MW01995F3
MW02005,"Red Hat Application Foundations for Distributed Computing (Gateway), Premium (2 Cores)",TRUE,FALSE,FALSE,TRUE,TRUE,TRUE,TRUE,TRUE,TRUE,TRUE,FALSE,TRUE,TRUE,FALSE,FALSE,TRUE,TRUE,TRUE,FALSE,,GBP,1490,4024.08,Edge App Services,,2,,PREMIUM,0,CORE BAND,MW02005F3
MW02007,"Red Hat Application Foundations for Distributed Computing (Gateway), Standard (2 Cores)",FALSE,TRUE,FALSE,TRUE,TRUE,TRUE,TRUE,TRUE,TRUE,TRUE,FALSE,TRUE,TRUE,FALSE,FALSE,TRUE,TRUE,TRUE,FALSE,,GBP,994,2682.72,Edge App Services,,2,,STANDARD,0,CORE BAND,MW02007F3
MW00130,"Red Hat Data Grid, Premium (4 Cores)",TRUE,FALSE,FALSE,FALSE,FALSE,TRUE,FALSE,FALSE,FALSE,FALSE,FALSE,FALSE,FALSE,FALSE,FALSE,FALSE,FALSE,FALSE,FALSE,,GBP,2070,5589,RUNTIMES/EAP/JWS/RHOAR/JDG/OPNJDK,,,,PREMIUM,,CORE BAND,MW00130F3
MW00131,"Red Hat Data Grid, Standard (4 Cores)",FALSE,TRUE,FALSE,FALSE,FALSE,TRUE,FALSE,FALSE,FALSE,FALSE,FALSE,FALSE,FALSE,FALSE,FALSE,FALSE,FALSE,FALSE,FALSE,,GBP,1380,3726,RUNTIMES/EAP/JWS/RHOAR/JDG/OPNJDK,,,,STANDARD,,CORE BAND,MW00131F3
MW00132,"Red Hat Data Grid, Extended Life Cycle Support Add-On, Premium (4 Cores)",TRUE,FALSE,TRUE,FALSE,FALSE,TRUE,FALSE,FALSE,FALSE,FALSE,FALSE,FALSE,FALSE,FALSE,FALSE,FALSE,FALSE,FALSE,FALSE,,GBP,2070,5589,RUNTIMES/EAP/JWS/RHOAR/JDG/OPNJDK,,,,,,CORE BAND,MW00132F3
MW00133,"Red Hat Data Grid, Extended Life Cycle Support Add-On, Standard (4 Cores)",FALSE,TRUE,TRUE,FALSE,FALSE,TRUE,FALSE,FALSE,FALSE,FALSE,FALSE,FALSE,FALSE,FALSE,FALSE,FALSE,FALSE,FALSE,FALSE,,GBP,1380,3726,RUNTIMES/EAP/JWS/RHOAR/JDG/OPNJDK,,,,,,CORE BAND,MW00133F3
MW0906233,"Red Hat Data Grid, Standard (16 Cores)",FALSE,TRUE,FALSE,FALSE,FALSE,TRUE,FALSE,FALSE,FALSE,FALSE,FALSE,FALSE,FALSE,FALSE,FALSE,FALSE,FALSE,FALSE,FALSE,,GBP,5520,14904,RUNTIMES/EAP/JWS/RHOAR/JDG/OPNJDK,,16,,STANDARD,,CORE BAND,MW0906233F3
MW0929366,"Red Hat Data Grid, Standard (64 Cores)",FALSE,TRUE,FALSE,FALSE,FALSE,TRUE,FALSE,FALSE,FALSE,FALSE,FALSE,FALSE,FALSE,FALSE,FALSE,FALSE,FALSE,FALSE,FALSE,,GBP,19872,53654.4,RUNTIMES/EAP/JWS/RHOAR/JDG/OPNJDK,,64,,STANDARD,,CORE BAND,MW0929366F3
MW0933197,"Red Hat Data Grid, Premium (64 Cores)",TRUE,FALSE,FALSE,FALSE,FALSE,TRUE,FALSE,FALSE,FALSE,FALSE,FALSE,FALSE,FALSE,FALSE,FALSE,FALSE,FALSE,FALSE,FALSE,,GBP,29808,80481.6,RUNTIMES/EAP/JWS/RHOAR/JDG/OPNJDK,,64,,PREMIUM,,CORE BAND,MW0933197F3
MW0935445,"Red Hat Data Grid, Premium (16 Cores)",TRUE,FALSE,FALSE,FALSE,FALSE,TRUE,FALSE,FALSE,FALSE,FALSE,FALSE,FALSE,FALSE,FALSE,FALSE,FALSE,FALSE,FALSE,FALSE,,GBP,8280,22356,RUNTIMES/EAP/JWS/RHOAR/JDG/OPNJDK,,16,,PREMIUM,,CORE BAND,MW0935445F3
MW00100,"Red Hat Data Grid ELS Program, Premium (16 Cores)",TRUE,FALSE,TRUE,FALSE,FALSE,TRUE,FALSE,FALSE,FALSE,FALSE,FALSE,FALSE,FALSE,FALSE,FALSE,FALSE,FALSE,FALSE,FALSE,,GBP,8280,22356,RUNTIMES/EAP/JWS/RHOAR/JDG/OPNJDK,,16,,PREMIUM,,CORE BAND,MW00100F3
MW00101,"Red Hat Data Grid ELS Program, Standard (16 Cores)",FALSE,TRUE,TRUE,FALSE,FALSE,TRUE,FALSE,FALSE,FALSE,FALSE,FALSE,FALSE,FALSE,FALSE,FALSE,FALSE,FALSE,FALSE,FALSE,,GBP,5520,14904,RUNTIMES/EAP/JWS/RHOAR/JDG/OPNJDK,,16,,STANDARD,,CORE BAND,MW00101F3
MW00102,"Red Hat Data Grid ELS Program, Premium (64 Cores)",TRUE,FALSE,TRUE,FALSE,FALSE,TRUE,FALSE,FALSE,FALSE,FALSE,FALSE,FALSE,FALSE,FALSE,FALSE,FALSE,FALSE,FALSE,FALSE,,GBP,29808,80481.6,RUNTIMES/EAP/JWS/RHOAR/JDG/OPNJDK,,64,,PREMIUM,,CORE BAND,MW00102F3
MW00103,"Red Hat Data Grid ELS Program, Standard (64 Cores)",FALSE,TRUE,TRUE,FALSE,FALSE,TRUE,FALSE,FALSE,FALSE,FALSE,FALSE,FALSE,FALSE,FALSE,FALSE,FALSE,FALSE,FALSE,FALSE,,GBP,19872,53654.4,RUNTIMES/EAP/JWS/RHOAR/JDG/OPNJDK,,64,,STANDARD,,CORE BAND,MW00103F3
MW00138,"Red Hat Fuse, 4-Core Premium",TRUE,FALSE,FALSE,FALSE,FALSE,FALSE,TRUE,FALSE,FALSE,FALSE,FALSE,FALSE,FALSE,FALSE,FALSE,FALSE,FALSE,FALSE,FALSE,,GBP,7452,20120.4,INTEGRATION BNDL/FUSE/AMQ/3SCALE,,,,PREMIUM,,CORE BAND,MW00138F3
MW00139,"Red Hat Fuse, 4-Core Standard",FALSE,TRUE,FALSE,FALSE,FALSE,FALSE,TRUE,FALSE,FALSE,FALSE,FALSE,FALSE,FALSE,FALSE,FALSE,FALSE,FALSE,FALSE,FALSE,,GBP,4968,13413.6,INTEGRATION BNDL/FUSE/AMQ/3SCALE,,,,STANDARD,,CORE BAND,MW00139F3
MW00140,"Red Hat Fuse, Extended Lifecycle Support Add-On, Premium (4 Cores)",TRUE,FALSE,TRUE,FALSE,FALSE,FALSE,TRUE,FALSE,FALSE,FALSE,FALSE,FALSE,FALSE,FALSE,FALSE,FALSE,FALSE,FALSE,FALSE,,GBP,7452,20120.4,INTEGRATION BNDL/FUSE/AMQ/3SCALE,,,,,,CORE BAND,MW00140F3
MW00141,"Red Hat Fuse, Extended Life Cycle Support Add-On, Standard (4 Cores)",FALSE,TRUE,TRUE,FALSE,FALSE,FALSE,TRUE,FALSE,FALSE,FALSE,FALSE,FALSE,FALSE,FALSE,FALSE,FALSE,FALSE,FALSE,FALSE,,GBP,4968,13413.6,INTEGRATION BNDL/FUSE/AMQ/3SCALE,,,,,,CORE BAND,MW00141F3
MW2245273,"Red Hat Fuse, Standard (64 Cores)",FALSE,TRUE,FALSE,FALSE,FALSE,FALSE,TRUE,FALSE,FALSE,FALSE,FALSE,FALSE,FALSE,FALSE,FALSE,FALSE,FALSE,FALSE,FALSE,,GBP,71539,193155.84,INTEGRATION BNDL/FUSE/AMQ/3SCALE,,64,,STANDARD,,CORE BAND,MW2245273F3
MW2250092,"Red Hat Fuse, Premium (64 Cores)",TRUE,FALSE,FALSE,FALSE,FALSE,FALSE,TRUE,FALSE,FALSE,FALSE,FALSE,FALSE,FALSE,FALSE,FALSE,FALSE,FALSE,FALSE,FALSE,,GBP,107309,289733.76,INTEGRATION BNDL/FUSE/AMQ/3SCALE,,64,,PREMIUM,,CORE BAND,MW2250092F3
MW2254895,"Red Hat Fuse, Standard (16 Cores)",FALSE,TRUE,FALSE,FALSE,FALSE,FALSE,TRUE,FALSE,FALSE,FALSE,FALSE,FALSE,FALSE,FALSE,FALSE,FALSE,FALSE,FALSE,FALSE,,GBP,19872,53654.4,INTEGRATION BNDL/FUSE/AMQ/3SCALE,,16,,STANDARD,,CORE BAND,MW2254895F3
MW2257476,"Red Hat Fuse, Premium (16 Cores)",TRUE,FALSE,FALSE,FALSE,FALSE,FALSE,TRUE,FALSE,FALSE,FALSE,FALSE,FALSE,FALSE,FALSE,FALSE,FALSE,FALSE,FALSE,FALSE,,GBP,29808,80481.6,INTEGRATION BNDL/FUSE/AMQ/3SCALE,,16,,PREMIUM,,CORE BAND,MW2257476F3
MW00010,"Red Hat Fuse ELS Program, Premium (16 Cores)",TRUE,FALSE,TRUE,FALSE,FALSE,FALSE,TRUE,FALSE,FALSE,FALSE,FALSE,FALSE,FALSE,FALSE,FALSE,FALSE,FALSE,FALSE,FALSE,,GBP,29808,80481.6,INTEGRATION BNDL/FUSE/AMQ/3SCALE,0,16,,PREMIUM,0,CORE BAND,MW00010F3
MW00012,"Red Hat Fuse ELS Program, Standard (16 Cores)",FALSE,TRUE,TRUE,FALSE,FALSE,FALSE,TRUE,FALSE,FALSE,FALSE,FALSE,FALSE,FALSE,FALSE,FALSE,FALSE,FALSE,FALSE,FALSE,,GBP,19872,53654.4,INTEGRATION BNDL/FUSE/AMQ/3SCALE,0,16,,STANDARD,0,CORE BAND,MW00012F3
MW00014,"Red Hat Fuse ELS Program, Premium (64 Cores)",TRUE,FALSE,TRUE,FALSE,FALSE,FALSE,TRUE,FALSE,FALSE,FALSE,FALSE,FALSE,FALSE,FALSE,FALSE,FALSE,FALSE,FALSE,FALSE,,GBP,107309,289733.76,INTEGRATION BNDL/FUSE/AMQ/3SCALE,0,64,,PREMIUM,0,CORE BAND,MW00014F3
MW00016,"Red Hat Fuse ELS Program, Standard (64 Cores)",FALSE,TRUE,TRUE,FALSE,FALSE,FALSE,TRUE,FALSE,FALSE,FALSE,FALSE,FALSE,FALSE,FALSE,FALSE,FALSE,FALSE,FALSE,FALSE,,GBP,71539,193155.84,INTEGRATION BNDL/FUSE/AMQ/3SCALE,0,64,,STANDARD,0,CORE BAND,MW00016F3
MW01558,"Red Hat Fuse for Distributed Computing (Edge Server), Premium (2 Cores)",TRUE,FALSE,FALSE,FALSE,FALSE,FALSE,TRUE,FALSE,FALSE,FALSE,FALSE,FALSE,FALSE,FALSE,FALSE,FALSE,TRUE,TRUE,FALSE,,GBP,1863,5030.1,Edge App Services,,2,,PREMIUM,0,CORE BAND,MW01558F3
MW01559,"Red Hat Fuse for Distributed Computing (Edge Server), Standard (2 Cores)",FALSE,TRUE,FALSE,FALSE,FALSE,FALSE,TRUE,FALSE,FALSE,FALSE,FALSE,FALSE,FALSE,FALSE,FALSE,FALSE,TRUE,TRUE,FALSE,,GBP,1242,3353.4,Edge App Services,,2,,STANDARD,0,CORE BAND,MW01559F3
MW01562,"Red Hat Fuse for Distributed Computing (Endpoint), Premium (1 Core)",TRUE,FALSE,FALSE,FALSE,FALSE,FALSE,TRUE,FALSE,FALSE,FALSE,FALSE,FALSE,FALSE,FALSE,FALSE,FALSE,TRUE,TRUE,FALSE,,GBP,652,1760.54,Edge App Services,,1,,PREMIUM,0,CORE BAND,MW01562F3
MW01563,"Red Hat Fuse for Distributed Computing (Endpoint), Standard (1 Core)",FALSE,TRUE,FALSE,FALSE,FALSE,FALSE,TRUE,FALSE,FALSE,FALSE,FALSE,FALSE,FALSE,FALSE,FALSE,FALSE,TRUE,TRUE,FALSE,,GBP,435,1173.69,Edge App Services,,1,,STANDARD,0,CORE BAND,MW01563F3
MW01560,"Red Hat Fuse for Distributed Computing (Gateway), Premium (2 Cores)",TRUE,FALSE,FALSE,FALSE,FALSE,FALSE,TRUE,FALSE,FALSE,FALSE,FALSE,FALSE,FALSE,FALSE,FALSE,FALSE,TRUE,TRUE,FALSE,,GBP,1490,4024.08,Edge App Services,,2,,PREMIUM,0,CORE BAND,MW01560F3
MW01561,"Red Hat Fuse for Distributed Computing (Gateway), Standard (2 Cores)",FALSE,TRUE,FALSE,FALSE,FALSE,FALSE,TRUE,FALSE,FALSE,FALSE,FALSE,FALSE,FALSE,FALSE,FALSE,FALSE,TRUE,TRUE,FALSE,,GBP,994,2682.72,Edge App Services,,2,,STANDARD,0,CORE BAND,MW01561F3
MW00001,"Red Hat Fuse for OpenShift Container Platform, Standard (2 Cores)",FALSE,TRUE,FALSE,FALSE,FALSE,FALSE,TRUE,FALSE,FALSE,FALSE,FALSE,FALSE,FALSE,FALSE,FALSE,FALSE,FALSE,FALSE,TRUE,,GBP,2484,6706.8,INTEGRATION BNDL/FUSE/AMQ/3SCALE,0,2,,STANDARD,0,CORE BAND,MW00001F3
MW00002,"Red Hat Fuse for OpenShift Container Platform, Premium (2 Cores)",TRUE,FALSE,FALSE,FALSE,FALSE,FALSE,TRUE,FALSE,FALSE,FALSE,FALSE,FALSE,FALSE,FALSE,FALSE,FALSE,FALSE,FALSE,TRUE,,GBP,3726,10060.2,INTEGRATION BNDL/FUSE/AMQ/3SCALE,0,2,,PREMIUM,0,CORE BAND,MW00002F3
MW00424,"Red Hat Integration, Premium, (2 Cores or 4 vCPUs)",TRUE,FALSE,FALSE,FALSE,FALSE,FALSE,FALSE,FALSE,FALSE,FALSE,FALSE,FALSE,FALSE,TRUE,FALSE,FALSE,FALSE,FALSE,FALSE,,GBP,3726,10060.2,INTEGRATION BNDL/FUSE/AMQ/3SCALE,0,2,,PREMIUM,0,CORE BAND,MW00424F3
MW00425,"Red Hat Integration, Premium, (16 Cores or 32 vCPUs)",TRUE,FALSE,FALSE,FALSE,FALSE,FALSE,FALSE,FALSE,FALSE,FALSE,FALSE,FALSE,FALSE,TRUE,FALSE,FALSE,FALSE,FALSE,FALSE,,GBP,29808,80481.6,INTEGRATION BNDL/FUSE/AMQ/3SCALE,0,16,,PREMIUM,0,CORE BAND,MW00425F3
MW00426,"Red Hat Integration, Premium, (64 Cores or 128 vCPUs)",TRUE,FALSE,FALSE,FALSE,FALSE,FALSE,FALSE,FALSE,FALSE,FALSE,FALSE,FALSE,FALSE,TRUE,FALSE,FALSE,FALSE,FALSE,FALSE,,GBP,107309,289733.76,INTEGRATION BNDL/FUSE/AMQ/3SCALE,0,64,,PREMIUM,0,CORE BAND,MW00426F3
MW00427,"Red Hat Integration, Standard (2 Cores or 4 vCPUs)",FALSE,TRUE,FALSE,FALSE,FALSE,FALSE,FALSE,FALSE,FALSE,FALSE,FALSE,FALSE,FALSE,TRUE,FALSE,FALSE,FALSE,FALSE,FALSE,,GBP,2484,6706.8,INTEGRATION BNDL/FUSE/AMQ/3SCALE,0,2,,STANDARD,0,CORE BAND,MW00427F3
MW00428,"Red Hat Integration, Standard (16 Cores or 32 vCPUs)",FALSE,TRUE,FALSE,FALSE,FALSE,FALSE,FALSE,FALSE,FALSE,FALSE,FALSE,FALSE,FALSE,TRUE,FALSE,FALSE,FALSE,FALSE,FALSE,,GBP,19872,53654.4,INTEGRATION BNDL/FUSE/AMQ/3SCALE,0,16,,STANDARD,0,CORE BAND,MW00428F3
MW00429,"Red Hat Integration, Standard (64 Cores or 128 vCPUs)",FALSE,TRUE,FALSE,FALSE,FALSE,FALSE,FALSE,FALSE,FALSE,FALSE,FALSE,FALSE,FALSE,TRUE,FALSE,FALSE,FALSE,FALSE,FALSE,,GBP,71539,193155.84,INTEGRATION BNDL/FUSE/AMQ/3SCALE,0,64,,STANDARD,0,CORE BAND,MW00429F3
MW01546,"Red Hat Integration for Distributed Computing (Edge Server), Premium (2 Cores)",TRUE,FALSE,FALSE,FALSE,FALSE,FALSE,FALSE,FALSE,FALSE,FALSE,FALSE,FALSE,FALSE,TRUE,FALSE,FALSE,TRUE,TRUE,FALSE,,GBP,1863,5030.1,Edge App Services,,2,,PREMIUM,0,CORE BAND,MW01546F3
MW01547,"Red Hat Integration for Distributed Computing (Edge Server), Standard (2 Cores)",FALSE,TRUE,FALSE,FALSE,FALSE,FALSE,FALSE,FALSE,FALSE,FALSE,FALSE,FALSE,FALSE,TRUE,FALSE,FALSE,TRUE,TRUE,FALSE,,GBP,1242,3353.4,Edge App Services,,2,,STANDARD,0,CORE BAND,MW01547F3
MW01550,"Red Hat Integration for Distributed Computing (Endpoint), Premium (1 Core)",TRUE,FALSE,FALSE,FALSE,FALSE,FALSE,FALSE,FALSE,FALSE,FALSE,FALSE,FALSE,FALSE,TRUE,FALSE,FALSE,TRUE,TRUE,FALSE,,GBP,652,1760.54,Edge App Services,,1,,PREMIUM,0,CORE BAND,MW01550F3
MW01551,"Red Hat Integration for Distributed Computing (Endpoint), Standard (1 Core)",FALSE,TRUE,FALSE,FALSE,FALSE,FALSE,FALSE,FALSE,FALSE,FALSE,FALSE,FALSE,FALSE,TRUE,FALSE,FALSE,TRUE,TRUE,FALSE,,GBP,435,1173.69,Edge App Services,,1,,STANDARD,0,CORE BAND,MW01551F3
MW01548,"Red Hat Integration for Distributed Computing (Gateway), Premium (2 Cores)",TRUE,FALSE,FALSE,FALSE,FALSE,FALSE,FALSE,FALSE,FALSE,FALSE,FALSE,FALSE,FALSE,TRUE,FALSE,FALSE,TRUE,TRUE,FALSE,,GBP,1490,4024.08,Edge App Services,,2,,PREMIUM,0,CORE BAND,MW01548F3
MW01549,"Red Hat Integration for Distributed Computing (Gateway), Standard (2 Cores)",FALSE,TRUE,FALSE,FALSE,FALSE,FALSE,FALSE,FALSE,FALSE,FALSE,FALSE,FALSE,FALSE,TRUE,FALSE,FALSE,TRUE,TRUE,FALSE,,GBP,994,2682.72,Edge App Services,,2,,STANDARD,0,CORE BAND,MW01549F3
MW00114,"Red Hat JBoss Enterprise Application Platform, 4-Core Premium",TRUE,FALSE,FALSE,FALSE,FALSE,FALSE,FALSE,TRUE,TRUE,FALSE,FALSE,FALSE,FALSE,FALSE,FALSE,FALSE,FALSE,FALSE,FALSE,,GBP,2070,5589,RUNTIMES/EAP/JWS/RHOAR/JDG/OPNJDK,,4,,PREMIUM,,CORE BAND,MW00114F3
MW00115,"Red Hat JBoss Enterprise Application Platform, 4-Core Standard",FALSE,TRUE,FALSE,FALSE,FALSE,FALSE,FALSE,TRUE,TRUE,FALSE,FALSE,FALSE,FALSE,FALSE,FALSE,FALSE,FALSE,FALSE,FALSE,,GBP,1380,3726,RUNTIMES/EAP/JWS/RHOAR/JDG/OPNJDK,,,,STANDARD,,CORE BAND,MW00115F3
MW00118,"Red Hat JBoss Enterprise Application Platform, Extended Life Cycle Support Add-On, 4-Core Premium",TRUE,FALSE,TRUE,FALSE,FALSE,FALSE,FALSE,TRUE,TRUE,FALSE,FALSE,FALSE,FALSE,FALSE,FALSE,FALSE,FALSE,FALSE,FALSE,,GBP,2070,5589,RUNTIMES/EAP/JWS/RHOAR/JDG/OPNJDK,,,,PREMIUM,,CORE BAND,MW00118F3
MW00119,"Red Hat JBoss Enterprise Application Platform, Extended Life Cycle Support Add-On, 4-Core Standard",FALSE,TRUE,TRUE,FALSE,FALSE,FALSE,FALSE,TRUE,TRUE,FALSE,FALSE,FALSE,FALSE,FALSE,FALSE,FALSE,FALSE,FALSE,FALSE,,GBP,1380,3726,RUNTIMES/EAP/JWS/RHOAR/JDG/OPNJDK,,,,,,CORE BAND,MW00119F3
MW0153748,"Red Hat JBoss Enterprise Application Platform, 16-Core Premium",TRUE,FALSE,FALSE,FALSE,FALSE,FALSE,FALSE,TRUE,TRUE,FALSE,FALSE,FALSE,FALSE,FALSE,FALSE,FALSE,FALSE,FALSE,FALSE,,GBP,8280,22356,RUNTIMES/EAP/JWS/RHOAR/JDG/OPNJDK,,16,,PREMIUM,,CORE BAND,MW0153748F3
MW0161758,"Red Hat JBoss Enterprise Application Platform, 64-Core Premium",TRUE,FALSE,FALSE,FALSE,FALSE,FALSE,FALSE,TRUE,TRUE,FALSE,FALSE,FALSE,FALSE,FALSE,FALSE,FALSE,FALSE,FALSE,FALSE,,GBP,29808,80481.6,RUNTIMES/EAP/JWS/RHOAR/JDG/OPNJDK,,64,,PREMIUM,,CORE BAND,MW0161758F3
MW0186831,"Red Hat JBoss Enterprise Application Platform, 64-Core Standard",FALSE,TRUE,FALSE,FALSE,FALSE,FALSE,FALSE,TRUE,TRUE,FALSE,FALSE,FALSE,FALSE,FALSE,FALSE,FALSE,FALSE,FALSE,FALSE,,GBP,19872,53654.4,RUNTIMES/EAP/JWS/RHOAR/JDG/OPNJDK,,64,,STANDARD,,CORE BAND,MW0186831F3
MW0196814,"Red Hat JBoss Enterprise Application Platform, 16-Core Standard",FALSE,TRUE,FALSE,FALSE,FALSE,FALSE,FALSE,TRUE,TRUE,FALSE,FALSE,FALSE,FALSE,FALSE,FALSE,FALSE,FALSE,FALSE,FALSE,,GBP,5520,14904,RUNTIMES/EAP/JWS/RHOAR/JDG/OPNJDK,,16,,STANDARD,,CORE BAND,MW0196814F3
MW2122821,"Red Hat JBoss Enterprise Application Platform ELS Program, 16-Core Standard",FALSE,TRUE,TRUE,FALSE,FALSE,FALSE,FALSE,TRUE,TRUE,FALSE,FALSE,FALSE,FALSE,FALSE,FALSE,FALSE,FALSE,FALSE,FALSE,,GBP,5520,14904,RUNTIMES/EAP/JWS/RHOAR/JDG/OPNJDK,,16,,STANDARD,,CORE BAND,MW2122821F3
MW2132048,"Red Hat JBoss Enterprise Application Platform ELS Program, 16-Core Premium",TRUE,FALSE,TRUE,FALSE,FALSE,FALSE,FALSE,TRUE,TRUE,FALSE,FALSE,FALSE,FALSE,FALSE,FALSE,FALSE,FALSE,FALSE,FALSE,,GBP,8280,22356,RUNTIMES/EAP/JWS/RHOAR/JDG/OPNJDK,,16,,PREMIUM,,CORE BAND,MW2132048F3
MW2162525,"Red Hat JBoss Enterprise Application Platform ELS Program, 64-Core Standard",FALSE,TRUE,TRUE,FALSE,FALSE,FALSE,FALSE,TRUE,TRUE,FALSE,FALSE,FALSE,FALSE,FALSE,FALSE,FALSE,FALSE,FALSE,FALSE,,GBP,19872,53654.4,RUNTIMES/EAP/JWS/RHOAR/JDG/OPNJDK,,64,,STANDARD,,CORE BAND,MW2162525F3
MW2175102,"Red Hat JBoss Enterprise Application Platform ELS Program, 64-Core Premium",TRUE,FALSE,TRUE,FALSE,FALSE,FALSE,FALSE,TRUE,TRUE,FALSE,FALSE,FALSE,FALSE,FALSE,FALSE,FALSE,FALSE,FALSE,FALSE,,GBP,29808,80481.6,RUNTIMES/EAP/JWS/RHOAR/JDG/OPNJDK,,64,,PREMIUM,,CORE BAND,MW2175102F3
MCT2739,"Red Hat JBoss Enterprise Application Platform for OpenShift Container Platform, Premium, 2-Core",TRUE,FALSE,FALSE,FALSE,FALSE,FALSE,FALSE,TRUE,TRUE,FALSE,FALSE,FALSE,FALSE,FALSE,FALSE,FALSE,FALSE,FALSE,TRUE,,GBP,1035,2794.5,RUNTIMES/EAP/JWS/RHOAR/JDG/OPNJDK,,2,,PREMIUM,,VIRTUAL GUEST,MCT2739F3
MCT2748,"Red Hat JBoss Enterprise Application Platform for OpenShift Container Platform, Standard, 2-Core",FALSE,TRUE,FALSE,FALSE,FALSE,FALSE,FALSE,TRUE,TRUE,FALSE,FALSE,FALSE,FALSE,FALSE,FALSE,FALSE,FALSE,FALSE,TRUE,,GBP,690,1863,RUNTIMES/EAP/JWS/RHOAR/JDG/OPNJDK,,2,,STANDARD,,VIRTUAL GUEST,MCT2748F3
MW0164296,"Red Hat JBoss Middleware, Extra support contact",FALSE,FALSE,FALSE,FALSE,FALSE,FALSE,FALSE,TRUE,FALSE,FALSE,FALSE,FALSE,FALSE,FALSE,FALSE,FALSE,FALSE,FALSE,FALSE,,GBP,2070,5589,OPENSHIFT,,,,LAYERED,,CONTACT,MW0164296F3
MW00122,"Red Hat JBoss Web Server, 4-Core Premium",TRUE,FALSE,FALSE,FALSE,FALSE,FALSE,FALSE,TRUE,FALSE,TRUE,FALSE,FALSE,FALSE,FALSE,FALSE,FALSE,FALSE,FALSE,FALSE,,GBP,388,1047.94,RUNTIMES/EAP/JWS/RHOAR/JDG/OPNJDK,,,,PREMIUM,,CORE BAND,MW00122F3
MW00123,"Red Hat JBoss Web Server, 4-Core Standard",FALSE,TRUE,FALSE,FALSE,FALSE,FALSE,FALSE,TRUE,FALSE,TRUE,FALSE,FALSE,FALSE,FALSE,FALSE,FALSE,FALSE,FALSE,FALSE,,GBP,259,698.63,RUNTIMES/EAP/JWS/RHOAR/JDG/OPNJDK,,,,,,CORE BAND,MW00123F3
MW00126,"Red Hat JBoss Web Server, Extended Life Cycle Support Add-On, 4-Core Premium",TRUE,FALSE,TRUE,FALSE,FALSE,FALSE,FALSE,TRUE,FALSE,TRUE,FALSE,FALSE,FALSE,FALSE,FALSE,FALSE,FALSE,FALSE,FALSE,,GBP,388,1047.94,RUNTIMES/EAP/JWS/RHOAR/JDG/OPNJDK,,,,,,CORE BAND,MW00126F3
MW00127,"Red Hat JBoss Web Server, Extended Life Cycle Support Add-On, 4-Core Standard",FALSE,TRUE,TRUE,FALSE,FALSE,FALSE,FALSE,TRUE,FALSE,TRUE,FALSE,FALSE,FALSE,FALSE,FALSE,FALSE,FALSE,FALSE,FALSE,,GBP,259,698.63,RUNTIMES/EAP/JWS/RHOAR/JDG/OPNJDK,,,,,,CORE BAND,MW00127F3
MW0222833,"Red Hat JBoss Web Server, 16-Core Premium",TRUE,FALSE,FALSE,FALSE,FALSE,FALSE,FALSE,TRUE,FALSE,TRUE,FALSE,FALSE,FALSE,FALSE,FALSE,FALSE,FALSE,FALSE,FALSE,,GBP,1552,4191.75,RUNTIMES/EAP/JWS/RHOAR/JDG/OPNJDK,,16,,PREMIUM,,CORE BAND,MW0222833F3
MW0232248,"Red Hat JBoss Web Server, 16-Core Standard",FALSE,TRUE,FALSE,FALSE,FALSE,FALSE,FALSE,TRUE,FALSE,TRUE,FALSE,FALSE,FALSE,FALSE,FALSE,FALSE,FALSE,FALSE,FALSE,,GBP,1035,2794.5,RUNTIMES/EAP/JWS/RHOAR/JDG/OPNJDK,,16,,STANDARD,,CORE BAND,MW0232248F3
MW0257747,"Red Hat JBoss Web Server, 64-Core Premium",TRUE,FALSE,FALSE,FALSE,FALSE,FALSE,FALSE,TRUE,FALSE,TRUE,FALSE,FALSE,FALSE,FALSE,FALSE,FALSE,FALSE,FALSE,FALSE,,GBP,5589,15090.3,RUNTIMES/EAP/JWS/RHOAR/JDG/OPNJDK,,64,,PREMIUM,,CORE BAND,MW0257747F3
MW0290056,"Red Hat JBoss Web Server, 64-Core Standard",FALSE,TRUE,FALSE,FALSE,FALSE,FALSE,FALSE,TRUE,FALSE,TRUE,FALSE,FALSE,FALSE,FALSE,FALSE,FALSE,FALSE,FALSE,FALSE,,GBP,3726,10060.2,RUNTIMES/EAP/JWS/RHOAR/JDG/OPNJDK,,64,,STANDARD,,CORE BAND,MW0290056F3
MW2609165,"Red Hat JBoss Web Server ELS Program, 64-Core Standard",FALSE,TRUE,TRUE,FALSE,FALSE,FALSE,FALSE,TRUE,FALSE,TRUE,FALSE,FALSE,FALSE,FALSE,FALSE,FALSE,FALSE,FALSE,FALSE,,GBP,3726,10060.2,RUNTIMES/EAP/JWS/RHOAR/JDG/OPNJDK,,64,,STANDARD,,CORE BAND,MW2609165F3
MW2625234,"Red Hat JBoss Web Server ELS Program, 16-Core Premium",TRUE,FALSE,TRUE,FALSE,FALSE,FALSE,FALSE,TRUE,FALSE,TRUE,FALSE,FALSE,FALSE,FALSE,FALSE,FALSE,FALSE,FALSE,FALSE,,GBP,1552,4191.75,RUNTIMES/EAP/JWS/RHOAR/JDG/OPNJDK,,16,,PREMIUM,,CORE BAND,MW2625234F3
MW2636770,"Red Hat JBoss Web Server ELS Program, 16-Core Standard",FALSE,TRUE,TRUE,FALSE,FALSE,FALSE,FALSE,TRUE,FALSE,TRUE,FALSE,FALSE,FALSE,FALSE,FALSE,FALSE,FALSE,FALSE,FALSE,,GBP,1035,2794.5,RUNTIMES/EAP/JWS/RHOAR/JDG/OPNJDK,,16,,STANDARD,,CORE BAND,MW2636770F3
MW2689800,"Red Hat JBoss Web Server ELS Program, 64-Core Premium",TRUE,FALSE,TRUE,FALSE,FALSE,FALSE,FALSE,TRUE,FALSE,TRUE,FALSE,FALSE,FALSE,FALSE,FALSE,FALSE,FALSE,FALSE,FALSE,,GBP,5589,15090.3,RUNTIMES/EAP/JWS/RHOAR/JDG/OPNJDK,,64,,PREMIUM,,CORE BAND,MW2689800F3
MW00275,"Red Hat Runtimes, Premium (16 Cores or 32 vCPUs)",TRUE,FALSE,FALSE,FALSE,FALSE,TRUE,FALSE,TRUE,TRUE,TRUE,FALSE,TRUE,TRUE,FALSE,TRUE,FALSE,FALSE,FALSE,FALSE,,GBP,8280,22356,RUNTIMES/EAP/JWS/RHOAR/JDG/OPNJDK,0,16,,PREMIUM,,CORE BAND,MW00275F3
MW00276,"Red Hat Runtimes, Premium (64 Cores or 128 vCPUs)",TRUE,FALSE,FALSE,FALSE,FALSE,TRUE,FALSE,TRUE,TRUE,TRUE,FALSE,TRUE,TRUE,FALSE,TRUE,FALSE,FALSE,FALSE,FALSE,,GBP,29808,80481.6,RUNTIMES/EAP/JWS/RHOAR/JDG/OPNJDK,0,64,,PREMIUM,,CORE BAND,MW00276F3
MW00277,"Red Hat Runtimes, Premium (2 Cores or 4 vCPUs)",TRUE,FALSE,FALSE,FALSE,FALSE,TRUE,FALSE,TRUE,TRUE,TRUE,FALSE,TRUE,TRUE,FALSE,TRUE,FALSE,FALSE,FALSE,FALSE,,GBP,1035,2794.5,RUNTIMES/EAP/JWS/RHOAR/JDG/OPNJDK,0,2,,PREMIUM,,CORE BAND,MW00277F3
MW00278,"Red Hat Runtimes, Standard (16 Cores or 32 vCPUs)",FALSE,TRUE,FALSE,FALSE,FALSE,TRUE,FALSE,TRUE,TRUE,TRUE,FALSE,TRUE,TRUE,FALSE,TRUE,FALSE,FALSE,FALSE,FALSE,,GBP,5520,14904,RUNTIMES/EAP/JWS/RHOAR/JDG/OPNJDK,0,16,,STANDARD,,CORE BAND,MW00278F3
MW00279,"Red Hat Runtimes, Standard (64 Cores or 128 vCPUs)",FALSE,TRUE,FALSE,FALSE,FALSE,TRUE,FALSE,TRUE,TRUE,TRUE,FALSE,TRUE,TRUE,FALSE,TRUE,FALSE,FALSE,FALSE,FALSE,,GBP,19872,53654.4,RUNTIMES/EAP/JWS/RHOAR/JDG/OPNJDK,0,64,,STANDARD,,CORE BAND,MW00279F3
MW00280,"Red Hat Runtimes, Standard (2 Cores or 4 vCPUs)",FALSE,TRUE,FALSE,FALSE,FALSE,TRUE,FALSE,TRUE,TRUE,TRUE,FALSE,TRUE,TRUE,FALSE,TRUE,FALSE,FALSE,FALSE,FALSE,,GBP,690,1863,RUNTIMES/EAP/JWS/RHOAR/JDG/OPNJDK,0,2,,STANDARD,,CORE BAND,MW00280F3
MW01540,"Red Hat Runtimes for Distributed Computing (Edge Server), Premium (2 Cores)",TRUE,FALSE,FALSE,FALSE,FALSE,TRUE,FALSE,TRUE,TRUE,TRUE,FALSE,TRUE,TRUE,FALSE,TRUE,FALSE,TRUE,TRUE,FALSE,,GBP,518,1397.25,Edge App Services,,2,,PREMIUM,0,CORE BAND,MW01540F3
MW01541,"Red Hat Runtimes for Distributed Computing (Edge Server), Standard (2 Cores)",FALSE,TRUE,FALSE,FALSE,FALSE,TRUE,FALSE,TRUE,TRUE,TRUE,FALSE,TRUE,TRUE,FALSE,TRUE,FALSE,TRUE,TRUE,FALSE,,GBP,345,931.5,Edge App Services,,2,,STANDARD,0,CORE BAND,MW01541F3
MW01544,"Red Hat Runtimes for Distributed Computing (Endpoint), Premium (1 Core)",TRUE,FALSE,FALSE,FALSE,FALSE,TRUE,FALSE,TRUE,TRUE,TRUE,FALSE,TRUE,TRUE,FALSE,TRUE,FALSE,TRUE,TRUE,FALSE,,GBP,181,489.04,Edge App Services,,1,,PREMIUM,0,CORE BAND,MW01544F3
MW01545,"Red Hat Runtimes for Distributed Computing (Endpoint), Standard (1 Core)",FALSE,TRUE,FALSE,FALSE,FALSE,TRUE,FALSE,TRUE,TRUE,TRUE,FALSE,TRUE,TRUE,FALSE,TRUE,FALSE,TRUE,TRUE,FALSE,,GBP,121,326.03,Edge App Services,,1,,STANDARD,0,CORE BAND,MW01545F3
MW01542,"Red Hat Runtimes for Distributed Computing (Gateway), Premium (2 Cores)",TRUE,FALSE,FALSE,FALSE,FALSE,TRUE,FALSE,TRUE,TRUE,TRUE,FALSE,TRUE,TRUE,FALSE,TRUE,FALSE,TRUE,TRUE,FALSE,,GBP,414,1117.8,Edge App Services,,2,,PREMIUM,0,CORE BAND,MW01542F3
MW01543,"Red Hat Runtimes for Distributed Computing (Gateway), Standard (2 Cores)",FALSE,TRUE,FALSE,FALSE,FALSE,TRUE,FALSE,TRUE,TRUE,TRUE,FALSE,TRUE,TRUE,FALSE,TRUE,FALSE,TRUE,TRUE,FALSE,,GBP,276,745.2,Edge App Services,,2,,STANDARD,0,CORE BAND,MW01543F3
MW02562,"Red Hat Service Interconnect, Premium (2 Cores or 4 vCPUs)",TRUE,FALSE,FALSE,FALSE,FALSE,FALSE,FALSE,FALSE,FALSE,FALSE,TRUE,FALSE,FALSE,FALSE,FALSE,FALSE,FALSE,FALSE,FALSE,,GBP,3105,8383.5,INTEGRATION BNDL/FUSE/AMQ/3SCALE,,2,,PREMIUM,,CORE BAND,MW02562F3
MW02563,"Red Hat Service Interconnect, Standard (2 Cores or 4 vCPUs)",FALSE,TRUE,FALSE,FALSE,FALSE,FALSE,FALSE,FALSE,FALSE,FALSE,TRUE,FALSE,FALSE,FALSE,FALSE,FALSE,FALSE,FALSE,FALSE,,GBP,2070,5589,INTEGRATION BNDL/FUSE/AMQ/3SCALE,,2,,STANDARD,,CORE BAND,MW02563F3
MW02534,"Red Hat Service Interconnect for Distributed Computing (Edge Server), Premium (2 Cores or 4 vCPUs)",TRUE,FALSE,FALSE,FALSE,FALSE,FALSE,FALSE,FALSE,FALSE,FALSE,TRUE,FALSE,FALSE,FALSE,FALSE,FALSE,FALSE,TRUE,FALSE,,GBP,1552,4191.75,INTEGRATION BNDL/FUSE/AMQ/3SCALE,,2,,PREMIUM,,CORE BAND,MW02534F3
MW02535,"Red Hat Service Interconnect for Distributed Computing (Edge Server), Standard (2 Cores or 4 vCPUs)",FALSE,TRUE,FALSE,FALSE,FALSE,FALSE,FALSE,FALSE,FALSE,FALSE,TRUE,FALSE,FALSE,FALSE,FALSE,FALSE,FALSE,TRUE,FALSE,,GBP,1035,2794.5,INTEGRATION BNDL/FUSE/AMQ/3SCALE,,2,,STANDARD,,CORE BAND,MW02535F3
MW02538,"Red Hat Service Interconnect for Distributed Computing (Endpoint), Premium (1 Core or 2 vCPUs)",TRUE,FALSE,FALSE,FALSE,FALSE,FALSE,FALSE,FALSE,FALSE,FALSE,TRUE,FALSE,FALSE,FALSE,FALSE,FALSE,FALSE,TRUE,FALSE,,GBP,543,1467.11,INTEGRATION BNDL/FUSE/AMQ/3SCALE,,1,,PREMIUM,,CORE BAND,MW02538F3
MW02539,"Red Hat Service Interconnect for Distributed Computing (Endpoint), Standard (1 Core or 4 vCPUs)",FALSE,TRUE,FALSE,FALSE,FALSE,FALSE,FALSE,FALSE,FALSE,FALSE,TRUE,FALSE,FALSE,FALSE,FALSE,FALSE,FALSE,TRUE,FALSE,,GBP,362,978.08,INTEGRATION BNDL/FUSE/AMQ/3SCALE,,1,,STANDARD,,CORE BAND,MW02539F3
MW02536,"Red Hat Service Interconnect for Distributed Computing (Gateway), Premium (2 Cores or 4 vCPUs)",TRUE,FALSE,FALSE,FALSE,FALSE,FALSE,FALSE,FALSE,FALSE,FALSE,TRUE,FALSE,FALSE,FALSE,FALSE,FALSE,FALSE,TRUE,FALSE,,GBP,1242,3353.4,INTEGRATION BNDL/FUSE/AMQ/3SCALE,,2,,PREMIUM,,CORE BAND,MW02536F3
MW02537,"Red Hat Service Interconnect for Distributed Computing (Gateway), Standard (2 Cores or 4 vCPUs)",FALSE,TRUE,FALSE,FALSE,FALSE,FALSE,FALSE,FALSE,FALSE,FALSE,TRUE,FALSE,FALSE,FALSE,FALSE,FALSE,FALSE,TRUE,FALSE,,GBP,828,2235.6,INTEGRATION BNDL/FUSE/AMQ/3SCALE,,2,,STANDARD,,CORE BAND,MW02537F3
MW00565,"Red Hat build of OpenJDK for Servers, Premium (10 Cores)",TRUE,FALSE,FALSE,FALSE,FALSE,FALSE,FALSE,FALSE,FALSE,FALSE,FALSE,TRUE,FALSE,FALSE,FALSE,FALSE,FALSE,FALSE,FALSE,,GBP,1242,3353.4,RUNTIMES/EAP/JWS/RHOAR/JDG/OPNJDK,,10,,PREMIUM,0,CORE BAND,MW00565F3
MW00566,"Red Hat build of OpenJDK for Servers, Premium (200 Cores)",TRUE,FALSE,FALSE,FALSE,FALSE,FALSE,FALSE,FALSE,FALSE,FALSE,FALSE,TRUE,FALSE,FALSE,FALSE,FALSE,FALSE,FALSE,FALSE,,GBP,13662,36887.4,RUNTIMES/EAP/JWS/RHOAR/JDG/OPNJDK,,200,,PREMIUM,0,CORE BAND,MW00566F3
MW00567,"Red Hat build of OpenJDK for Servers, Premium (2,000 Cores)",TRUE,FALSE,FALSE,FALSE,FALSE,FALSE,FALSE,FALSE,FALSE,FALSE,FALSE,TRUE,FALSE,FALSE,FALSE,FALSE,FALSE,FALSE,FALSE,,GBP,99360,268272,RUNTIMES/EAP/JWS/RHOAR/JDG/OPNJDK,,2000,,PREMIUM,0,CORE BAND,MW00567F3
MW00568,"Red Hat build of OpenJDK for Servers, Premium (Unlimited Cores)",TRUE,FALSE,FALSE,FALSE,FALSE,FALSE,FALSE,FALSE,FALSE,FALSE,FALSE,TRUE,FALSE,FALSE,FALSE,FALSE,FALSE,FALSE,FALSE,,GBP,496800,1341360,RUNTIMES/EAP/JWS/RHOAR/JDG/OPNJDK,,UNLIMITED,,PREMIUM,0,CORE BAND,MW00568F3
MW00569,"Red Hat build of OpenJDK for Servers, Standard (10 Cores)",FALSE,TRUE,FALSE,FALSE,FALSE,FALSE,FALSE,FALSE,FALSE,FALSE,FALSE,TRUE,FALSE,FALSE,FALSE,FALSE,FALSE,FALSE,FALSE,,GBP,828,2235.6,RUNTIMES/EAP/JWS/RHOAR/JDG/OPNJDK,,10,,STANDARD,0,CORE BAND,MW00569F3
MW00570,"Red Hat build of OpenJDK for Servers, Standard (200 Cores)",FALSE,TRUE,FALSE,FALSE,FALSE,FALSE,FALSE,FALSE,FALSE,FALSE,FALSE,TRUE,FALSE,FALSE,FALSE,FALSE,FALSE,FALSE,FALSE,,GBP,9108,24591.6,RUNTIMES/EAP/JWS/RHOAR/JDG/OPNJDK,,200,,STANDARD,0,CORE BAND,MW00570F3
MW00571,"Red Hat build of OpenJDK for Servers, Standard (2,000 Cores)",FALSE,TRUE,FALSE,FALSE,FALSE,FALSE,FALSE,FALSE,FALSE,FALSE,FALSE,TRUE,FALSE,FALSE,FALSE,FALSE,FALSE,FALSE,FALSE,,GBP,66240,178848,RUNTIMES/EAP/JWS/RHOAR/JDG/OPNJDK,,2000,,STANDARD,0,CORE BAND,MW00571F3
MW00558,"Red Hat build of OpenJDK for Workstations, Premium (50 Clients)",TRUE,FALSE,FALSE,FALSE,FALSE,FALSE,FALSE,FALSE,FALSE,FALSE,FALSE,TRUE,FALSE,FALSE,FALSE,FALSE,FALSE,FALSE,FALSE,,GBP,1242,3353.4,RUNTIMES/EAP/JWS/RHOAR/JDG/OPNJDK,,,50,PREMIUM,0,PHYSICAL NODE,MW00558F3
MW00559,"Red Hat build of OpenJDK for Workstations, Premium (1000 Clients)",TRUE,FALSE,FALSE,FALSE,FALSE,FALSE,FALSE,FALSE,FALSE,FALSE,FALSE,TRUE,FALSE,FALSE,FALSE,FALSE,FALSE,FALSE,FALSE,,GBP,10350,27945,RUNTIMES/EAP/JWS/RHOAR/JDG/OPNJDK,,,1000,PREMIUM,0,PHYSICAL NODE,MW00559F3
MW00560,"Red Hat build of OpenJDK for Workstations, Premium (10,000 Clients)",TRUE,FALSE,FALSE,FALSE,FALSE,FALSE,FALSE,FALSE,FALSE,FALSE,FALSE,TRUE,FALSE,FALSE,FALSE,FALSE,FALSE,FALSE,FALSE,,GBP,93150,251505,RUNTIMES/EAP/JWS/RHOAR/JDG/OPNJDK,,,10000,PREMIUM,0,PHYSICAL NODE,MW00560F3
MW00561,"Red Hat build of OpenJDK for Workstations, Premium (Unlimited Clients)",TRUE,FALSE,FALSE,FALSE,FALSE,FALSE,FALSE,FALSE,FALSE,FALSE,FALSE,TRUE,FALSE,FALSE,FALSE,FALSE,FALSE,FALSE,FALSE,,GBP,496800,1341360,RUNTIMES/EAP/JWS/RHOAR/JDG/OPNJDK,,,UNLIMITED,PREMIUM,0,PHYSICAL NODE,MW00561F3
MW00562,"Red Hat build of OpenJDK for Workstations, Standard (50 Clients)",FALSE,TRUE,FALSE,FALSE,FALSE,FALSE,FALSE,FALSE,FALSE,FALSE,FALSE,TRUE,FALSE,FALSE,FALSE,FALSE,FALSE,FALSE,FALSE,,GBP,828,2235.6,RUNTIMES/EAP/JWS/RHOAR/JDG/OPNJDK,,,50,STANDARD,0,PHYSICAL NODE,MW00562F3
MW00563,"Red Hat build of OpenJDK for Workstations, Standard (1000 Clients)",FALSE,TRUE,FALSE,FALSE,FALSE,FALSE,FALSE,FALSE,FALSE,FALSE,FALSE,TRUE,FALSE,FALSE,FALSE,FALSE,FALSE,FALSE,FALSE,,GBP,6900,18630,RUNTIMES/EAP/JWS/RHOAR/JDG/OPNJDK,,,1000,STANDARD,0,PHYSICAL NODE,MW00563F3
MW00564,"Red Hat build of OpenJDK for Workstations, Standard (10,000 Clients)",FALSE,TRUE,FALSE,FALSE,FALSE,FALSE,FALSE,FALSE,FALSE,FALSE,FALSE,TRUE,FALSE,FALSE,FALSE,FALSE,FALSE,FALSE,FALSE,,GBP,62100,167670,RUNTIMES/EAP/JWS/RHOAR/JDG/OPNJDK,,,10000,STANDARD,0,PHYSICAL NODE,MW00564F3
MW02479,"Red Hat build of Quarkus for non-Red Hat platforms, Premium (2 Cores or 4 vCPUs)",TRUE,FALSE,FALSE,FALSE,FALSE,FALSE,FALSE,FALSE,FALSE,FALSE,FALSE,FALSE,TRUE,FALSE,FALSE,FALSE,FALSE,FALSE,FALSE,,GBP,725,1956.15,RUNTIMES/EAP/JWS/RHOAR/JDG/OPNJDK,,2,,PREMIUM,,CORE BAND,MW02479F3
MW02480,"Red Hat build of Quarkus for non-Red Hat platforms, Standard (2 Cores or 4vCPUs)",FALSE,TRUE,FALSE,FALSE,FALSE,FALSE,FALSE,FALSE,FALSE,FALSE,FALSE,FALSE,TRUE,FALSE,FALSE,FALSE,FALSE,FALSE,FALSE,,GBP,483,1304.1,RUNTIMES/EAP/JWS/RHOAR/JDG/OPNJDK,,2,,STANDARD,,CORE BAND,MW02480F3
MW02482,"Red Hat build of Quarkus for non-Red Hat platforms for Distributed Computing (Edge Server), Premium (2 Cores or 4 vCPUs)",TRUE,FALSE,FALSE,FALSE,FALSE,FALSE,FALSE,FALSE,FALSE,FALSE,FALSE,FALSE,TRUE,FALSE,FALSE,FALSE,FALSE,TRUE,FALSE,,GBP,362,978.08,RUNTIMES/EAP/JWS/RHOAR/JDG/OPNJDK,,2,,PREMIUM,,CORE BAND,MW02482F3
MW02483,"Red Hat build of Quarkus for non-Red Hat platforms for Distributed Computing (Edge Server), Standard (2 Cores or 4 vCPUs)",FALSE,TRUE,FALSE,FALSE,FALSE,FALSE,FALSE,FALSE,FALSE,FALSE,FALSE,FALSE,TRUE,FALSE,FALSE,FALSE,FALSE,TRUE,FALSE,,GBP,241,652.05,RUNTIMES/EAP/JWS/RHOAR/JDG/OPNJDK,,2,,STANDARD,,CORE BAND,MW02483F3
MW02486,"Red Hat build of Quarkus for non-Red Hat platforms for Distributed Computing (Edge Server), Premium (2 Cores or 4 vCPUs)",TRUE,FALSE,FALSE,FALSE,FALSE,FALSE,FALSE,FALSE,FALSE,FALSE,FALSE,FALSE,TRUE,FALSE,FALSE,FALSE,FALSE,TRUE,FALSE,,GBP,471,1271.5,RUNTIMES/EAP/JWS/RHOAR/JDG/OPNJDK,,2,,PREMIUM,,CORE BAND,MW02486F3
MW02487,"Red Hat build of Quarkus for non-Red Hat platforms for Distributed Computing (Edge Server), Standard (2 Cores or 4 vCPUs)",FALSE,TRUE,FALSE,FALSE,FALSE,FALSE,FALSE,FALSE,FALSE,FALSE,FALSE,FALSE,TRUE,FALSE,FALSE,FALSE,FALSE,TRUE,FALSE,,GBP,314,847.67,RUNTIMES/EAP/JWS/RHOAR/JDG/OPNJDK,,2,,STANDARD,,CORE BAND,MW02487F3
MW02484,"Red Hat build of Quarkus for non-Red Hat platforms for Distributed Computing (Gateway), Premium (2 Cores or 4 vCPUs)",TRUE,FALSE,FALSE,FALSE,FALSE,FALSE,FALSE,FALSE,FALSE,FALSE,FALSE,FALSE,TRUE,FALSE,FALSE,FALSE,FALSE,TRUE,FALSE,,GBP,290,782.46,RUNTIMES/EAP/JWS/RHOAR/JDG/OPNJDK,,2,,PREMIUM,,CORE BAND,MW02484F3
MW02485,"Red Hat build of Quarkus for non-Red Hat platforms for Distributed Computing (Gateway), Standard (2 Cores or 4 vCPUs)",FALSE,TRUE,FALSE,FALSE,FALSE,FALSE,FALSE,FALSE,FALSE,FALSE,FALSE,FALSE,TRUE,FALSE,FALSE,FALSE,FALSE,TRUE,FALSE,,GBP,193,521.64,RUNTIMES/EAP/JWS/RHOAR/JDG/OPNJDK,,2,,STANDARD,,CORE BAND,MW02485F3

